{
    "product":[
        {
            "itemTitle":"Revamp your home in style",
            "imgs":[
                "https://images-eu.ssl-images-amazon.com/images/G/31/IMG20/Home/2024/Gateway/BTFGW/PCQC/186x116_Home_furnishings_2._SY116_CB584596691_.jpg",
                "https://images-eu.ssl-images-amazon.com/images/G/31/IMG20/Home/2024/Gateway/BTFGW/PCQC/186x116_Home_decor_1._SY116_CB584596691_.jpg",
                "https://images-eu.ssl-images-amazon.com/images/G/31/IMG20/Home/2024/Gateway/BTFGW/PCQC/186x116_Home_storage_1._SY116_CB584596691_.jpg",
                "https://images-eu.ssl-images-amazon.com/images/G/31/IMG20/Home/2024/Gateway/BTFGW/PCQC/186x116_Home_lighting_2._SY116_CB584596691_.jpg"
            ]

        },
        {
            "itemTitle":"Appliances for your home | Up to 55% off",
            "imgs":[
                "https://images-eu.ssl-images-amazon.com/images/G/31/IMG15/Irfan/GATEWAY/MSO/Appliances-QC-PC-186x116--B08RDL6H79._SY116_CB667322346_.jpg",
                "https://images-eu.ssl-images-amazon.com/images/G/31/IMG15/Irfan/GATEWAY/MSO/Appliances-QC-PC-186x116--B08345R1ZW._SY116_CB667322346_.jpg",
                "https://images-eu.ssl-images-amazon.com/images/G/31/IMG15/Irfan/GATEWAY/MSO/Appliances-QC-PC-186x116--B07G5J5FYP._SY116_CB667322346_.jpg",
                "https://images-eu.ssl-images-amazon.com/images/G/31/IMG15/Irfan/GATEWAY/MSO/186x116---wm._SY116_CB667322346_.jpg"
            ]

        },
        {
            "itemTitle":"Automotive essentials | Up to 60% off",
            "imgs":[
                "https://images-eu.ssl-images-amazon.com/images/G/31/img17/Auto/2020/GW/PCQC/Glasscare1X._SY116_CB410830553_.jpg",
                "https://images-eu.ssl-images-amazon.com/images/G/31/img17/Auto/2020/GW/PCQC/Rim_tyrecare1x._SY116_CB410830552_.jpg",
                "https://images-eu.ssl-images-amazon.com/images/G/31/img17/Auto/2020/GW/PCQC/Vega_helmet_186x116._SY116_CB405090404_.jpg",
                "https://images-eu.ssl-images-amazon.com/images/G/31/img17/Auto/2020/GW/PCQC/Vaccum1x._SY116_CB410830552_.jpg"
            ]

        },
        {
            "itemTitle":"Starting ₹199 | Amazon Brands & more",
            "imgs":[
                "https://images-eu.ssl-images-amazon.com/images/G/31/img23/PB/March/Bikram/PC_QC_HOME_186_2._SY116_CB558389341_.jpg",
                "https://images-eu.ssl-images-amazon.com/images/G/31/img23/PB/March/Bikram/PC_QC_HOME_186_3._SY116_CB558389341_.jpg",
                "https://images-eu.ssl-images-amazon.com/images/G/31/img23/PB/March/Bikram/PC_QC_HOME_186_4._SY116_CB558389341_.jpg",
                "https://images-eu.ssl-images-amazon.com/images/G/31/img23/PB/March/Bikram/PC_QC_HOME_186_1._SY116_CB558389341_.jpg"
            ]

        },
        {
            "itemTitle":"Up to 60% off | Styles for women",
            "imgs":[
                "https://images-eu.ssl-images-amazon.com/images/G/31/img22/Fashion/Gateway/BAU/BTF-Refresh/May/PC_WF/WF1-186-116._SY116_CB636048992_.jpg",
                "https://images-eu.ssl-images-amazon.com/images/G/31/img22/Fashion/Gateway/BAU/BTF-Refresh/May/PC_WF/WF2-186-116._SY116_CB636048992_.jpg",
                "https://images-eu.ssl-images-amazon.com/images/G/31/img22/Fashion/Gateway/BAU/BTF-Refresh/May/PC_WF/WF4-186-116._SY116_CB636048992_.jpg",
                "https://images-eu.ssl-images-amazon.com/images/G/31/img22/Fashion/Gateway/BAU/BTF-Refresh/May/PC_WF/WF3-186-116._SY116_CB636048992_.jpg"
            ]

        },
        {
            "itemTitle":"Starting ₹129 | Amazon Brands & more",
            "imgs":[
                "https://images-eu.ssl-images-amazon.com/images/G/31/img22/AmazonBrands/Deeksha/QC_186x116_1._SY116_CB598553050_.jpg",
                "https://images-eu.ssl-images-amazon.com/images/G/31/img22/AmazonBrands/Deeksha/QC_186x116_2._SY116_CB598553050_.jpg",
                "https://images-eu.ssl-images-amazon.com/images/G/31/img22/AmazonBrands/Deeksha/QC_372x232_3._SY116_CB598553751_.jpg",
                "https://images-eu.ssl-images-amazon.com/images/G/31/img22/AmazonBrands/Deeksha/QC_186x116_4._SY116_CB598553050_.jpg"
            ]

        }
        
       
    ]
}